<keymap version="1" name="Default_yaro" parent="$default">
  <action id="CodeCompletion">
    <keyboard-shortcut first-keystroke="alt e" />
  </action>
  <action id="Console.TableResult.SelectRow" />
  <action id="EditorCloneCaretAbove">
    <mouse-shortcut keystroke="alt button143" />
  </action>
  <action id="EditorCloneCaretBelow">
    <mouse-shortcut keystroke="alt button142" />
  </action>
  <action id="EditorDecreaseFontSize">
    <mouse-shortcut keystroke="control button142" />
  </action>
  <action id="EditorIncreaseFontSize">
    <mouse-shortcut keystroke="control button143" />
  </action>
  <action id="FindPrevious">
    <keyboard-shortcut first-keystroke="shift f3" />
  </action>
  <action id="Javascript.Linters.EsLint.Fix">
    <keyboard-shortcut first-keystroke="shift ctrl l" />
  </action>
  <action id="ShiftDownAction">
    <keyboard-shortcut first-keystroke="shift ctrl alt comma" />
    <mouse-shortcut keystroke="shift button142" />
  </action>
  <action id="ShiftUpAction">
    <keyboard-shortcut first-keystroke="shift ctrl alt period" />
    <mouse-shortcut keystroke="shift button143" />
  </action>
  <action id="ShowSettings">
    <keyboard-shortcut first-keystroke="shift ctrl alt s" />
  </action>
</keymap>