<application>
  <component name="KeyPromoterXStatistic">
    <option name="statistics">
      <Statistic Action="Clone Caret Above">
        <Item>
          <IdeaActionID>EditorCloneCaretAbove</IdeaActionID>
          <ShortCut>'Alt+Wheel up'</ShortCut>
          <Description>Clone Caret Above</Description>
          <Count>1</Count>
        </Item>
      </Statistic>
      <Statistic Action="Declaration">
        <Item>
          <IdeaActionID>GotoDeclaration</IdeaActionID>
          <ShortCut>'Ctrl+B' or 'Ctrl+Button1 Click' or 'Button2 Click'</ShortCut>
          <Description>Declaration</Description>
          <Count>8</Count>
        </Item>
      </Statistic>
      <Statistic Action="Decrease Font Size">
        <Item>
          <IdeaActionID>EditorDecreaseFontSize</IdeaActionID>
          <ShortCut>'Ctrl+Wheel down'</ShortCut>
          <Description>Decrease Font Size</Description>
          <Count>1</Count>
        </Item>
      </Statistic>
      <Statistic Action="Delete...">
        <Item>
          <IdeaActionID>$Delete</IdeaActionID>
          <ShortCut>'Delete'</ShortCut>
          <Description>Delete...</Description>
          <Count>1</Count>
        </Item>
      </Statistic>
      <Statistic Action="Fix ESLint Problems">
        <Item>
          <IdeaActionID>Javascript.Linters.EsLint.Fix</IdeaActionID>
          <ShortCut>'Ctrl+Shift+L'</ShortCut>
          <Description>Fix ESLint Problems</Description>
          <Count>12</Count>
        </Item>
      </Statistic>
      <Statistic Action="Hide All Windows">
        <Item>
          <IdeaActionID>HideAllWindows</IdeaActionID>
          <ShortCut>'Ctrl+Shift+F12'</ShortCut>
          <Description>Hide All Windows</Description>
          <Count>2</Count>
        </Item>
      </Statistic>
      <Statistic Action="Increase Font Size">
        <Item>
          <IdeaActionID>EditorIncreaseFontSize</IdeaActionID>
          <ShortCut>'Ctrl+Wheel up'</ShortCut>
          <Description>Increase Font Size</Description>
          <Count>4</Count>
        </Item>
      </Statistic>
      <Statistic Action="Reformat Code">
        <Item>
          <IdeaActionID>ReformatCode</IdeaActionID>
          <ShortCut>'Ctrl+Alt+L'</ShortCut>
          <Description>Reformat Code</Description>
          <Count>3</Count>
        </Item>
      </Statistic>
      <Statistic Action="Restore Windows">
        <Item>
          <IdeaActionID>HideAllWindows</IdeaActionID>
          <ShortCut>'Ctrl+Shift+F12'</ShortCut>
          <Description>Restore Windows</Description>
          <Count>2</Count>
        </Item>
      </Statistic>
      <Statistic Action="Shift-Down">
        <Item>
          <IdeaActionID>ShiftDownAction</IdeaActionID>
          <ShortCut>'Ctrl+Alt+Shift+Comma' or 'Shift+Wheel down'</ShortCut>
          <Description>Shift-Down</Description>
          <Count>4</Count>
        </Item>
      </Statistic>
      <Statistic Action="Shift-Up">
        <Item>
          <IdeaActionID>ShiftUpAction</IdeaActionID>
          <ShortCut>'Ctrl+Alt+Shift+.' or 'Shift+Wheel up'</ShortCut>
          <Description>Shift-Up</Description>
          <Count>17</Count>
        </Item>
      </Statistic>
      <Statistic Action="TODO">
        <Item>
          <IdeaActionID>ActivateTODOToolWindow</IdeaActionID>
          <ShortCut>'Alt+6'</ShortCut>
          <Description>TODO</Description>
          <Count>2</Count>
        </Item>
      </Statistic>
      <Statistic Action="Terminal">
        <Item>
          <IdeaActionID>ActivateTerminalToolWindow</IdeaActionID>
          <ShortCut>'Alt+F12'</ShortCut>
          <Description>Terminal</Description>
          <Count>2</Count>
        </Item>
      </Statistic>
      <Statistic Action="Toggle Line Breakpoint">
        <Item>
          <IdeaActionID>ToggleLineBreakpoint</IdeaActionID>
          <ShortCut>'Ctrl+F8'</ShortCut>
          <Description>Toggle Line Breakpoint</Description>
          <Count>1</Count>
        </Item>
      </Statistic>
    </option>
  </component>
</application>