<application>
  <component name="MaterialThemeConfig">
    <option name="compactDropdowns" value="true" />
    <option name="compactSidebar" value="true" />
    <option name="darkTitleBar" value="true" />
    <option name="highlightColorEnabled" value="true" />
    <option name="isCompactMenus" value="true" />
    <option name="isCompactStatusBar" value="true" />
    <option name="isCompactTables" value="true" />
    <option name="isContrastMode" value="true" />
    <option name="isHighContrast" value="true" />
    <option name="isWizardShown" value="true" />
    <option name="pristineConfig" value="false" />
    <option name="statusBarTheme" value="false" />
    <option name="indicatorStyle" value="Dot" />
    <option name="tabOpacity" value="26" />
    <option name="settingsSelectedTab" value="1" />
    <option name="tabsHeight" value="38" />
    <option name="accentColor" value="80cbc4" />
    <option name="highlightColor" value="80cbc4" />
    <option name="selectedTheme" value="DRACULA" />
    <option name="userId" value="58cf07fb:1676cacfab5:-8000" />
    <option name="version" value="3.2.0" />
  </component>
</application>