<application>
  <component name="KeyPromoterXStatistic">
    <option name="statistics">
      <Statistic Action="Copy">
        <Item>
          <IdeaActionID>$Copy</IdeaActionID>
          <ShortCut>'Ctrl+C' or 'Ctrl+Insert'</ShortCut>
          <Description>Copy</Description>
          <Count>2</Count>
        </Item>
      </Statistic>
      <Statistic Action="Copy Relative Path">
        <Item>
          <IdeaActionID>CopyReference</IdeaActionID>
          <ShortCut>'Ctrl+Alt+Shift+C'</ShortCut>
          <Description>Copy Relative Path</Description>
          <Count>1</Count>
        </Item>
      </Statistic>
      <Statistic Action="Declaration">
        <Item>
          <IdeaActionID>GotoDeclaration</IdeaActionID>
          <ShortCut>'Ctrl+B' or 'Ctrl+Button1 Click' or 'Button2 Click'</ShortCut>
          <Description>Declaration</Description>
          <Count>4</Count>
        </Item>
      </Statistic>
      <Statistic Action="Reformat Code">
        <Item>
          <IdeaActionID>ReformatCode</IdeaActionID>
          <ShortCut>'Ctrl+Alt+L'</ShortCut>
          <Description>Reformat Code</Description>
          <Count>1</Count>
        </Item>
      </Statistic>
      <Statistic Action="Rename...">
        <Item>
          <IdeaActionID>RenameElement</IdeaActionID>
          <ShortCut>'Shift+F6'</ShortCut>
          <Description>Rename...</Description>
          <Count>1</Count>
        </Item>
      </Statistic>
      <Statistic Action="Rerun '02debug_demo'">
        <Item>
          <IdeaActionID>Rerun</IdeaActionID>
          <ShortCut>'Ctrl+F5'</ShortCut>
          <Description>Rerun '02debug_demo'</Description>
          <Count>4</Count>
        </Item>
      </Statistic>
      <Statistic Action="Rerun 'Flask (app.py)'">
        <Item>
          <IdeaActionID>Rerun</IdeaActionID>
          <ShortCut>'Ctrl+F5'</ShortCut>
          <Description>Rerun 'Flask (app.py)'</Description>
          <Count>11</Count>
        </Item>
      </Statistic>
      <Statistic Action="Run '02debug_demo'">
        <Item>
          <IdeaActionID>Run</IdeaActionID>
          <ShortCut>'Shift+F10'</ShortCut>
          <Description>Run '02debug_demo'</Description>
          <Count>15</Count>
        </Item>
      </Statistic>
      <Statistic Action="Run '03cnfig_demo'">
        <Item>
          <IdeaActionID>Run</IdeaActionID>
          <ShortCut>'Shift+F10'</ShortCut>
          <Description>Run '03cnfig_demo'</Description>
          <Count>2</Count>
        </Item>
      </Statistic>
      <Statistic Action="Run '04url_view_demo'">
        <Item>
          <IdeaActionID>Run</IdeaActionID>
          <ShortCut>'Shift+F10'</ShortCut>
          <Description>Run '04url_view_demo'</Description>
          <Count>6</Count>
        </Item>
      </Statistic>
      <Statistic Action="Run '14first_template_demo'">
        <Item>
          <IdeaActionID>Run</IdeaActionID>
          <ShortCut>'Shift+F10'</ShortCut>
          <Description>Run '14first_template_demo'</Description>
          <Count>3</Count>
        </Item>
      </Statistic>
      <Statistic Action="Run '15template_demo'">
        <Item>
          <IdeaActionID>Run</IdeaActionID>
          <ShortCut>'Shift+F10'</ShortCut>
          <Description>Run '15template_demo'</Description>
          <Count>1</Count>
        </Item>
      </Statistic>
      <Statistic Action="Run '17filter_demo'">
        <Item>
          <IdeaActionID>Run</IdeaActionID>
          <ShortCut>'Shift+F10'</ShortCut>
          <Description>Run '17filter_demo'</Description>
          <Count>2</Count>
        </Item>
      </Statistic>
      <Statistic Action="Run '22i if_statement'">
        <Item>
          <IdeaActionID>Run</IdeaActionID>
          <ShortCut>'Shift+F10'</ShortCut>
          <Description>Run '22i if_statement'</Description>
          <Count>1</Count>
        </Item>
      </Statistic>
      <Statistic Action="Run '23 for_statement'">
        <Item>
          <IdeaActionID>Run</IdeaActionID>
          <ShortCut>'Shift+F10'</ShortCut>
          <Description>Run '23 for_statement'</Description>
          <Count>2</Count>
        </Item>
      </Statistic>
      <Statistic Action="Run '25macro_demo'">
        <Item>
          <IdeaActionID>Run</IdeaActionID>
          <ShortCut>'Shift+F10'</ShortCut>
          <Description>Run '25macro_demo'</Description>
          <Count>1</Count>
        </Item>
      </Statistic>
      <Statistic Action="Run 'Flask (app.py)'">
        <Item>
          <IdeaActionID>RunClass</IdeaActionID>
          <ShortCut>'Ctrl+Shift+F10'</ShortCut>
          <Description>Run 'Flask (app.py)'</Description>
          <Count>13</Count>
        </Item>
      </Statistic>
      <Statistic Action="Run 'Flask_debug'">
        <Item>
          <IdeaActionID>Run</IdeaActionID>
          <ShortCut>'Shift+F10'</ShortCut>
          <Description>Run 'Flask_debug'</Description>
          <Count>3</Count>
        </Item>
      </Statistic>
      <Statistic Action="Run 'custom_url_converter'">
        <Item>
          <IdeaActionID>Run</IdeaActionID>
          <ShortCut>'Shift+F10'</ShortCut>
          <Description>Run 'custom_url_converter'</Description>
          <Count>4</Count>
        </Item>
      </Statistic>
      <Statistic Action="Run 'debug'">
        <Item>
          <IdeaActionID>Run</IdeaActionID>
          <ShortCut>'Shift+F10'</ShortCut>
          <Description>Run 'debug'</Description>
          <Count>1</Count>
        </Item>
      </Statistic>
      <Statistic Action="Run 'include_demo'">
        <Item>
          <IdeaActionID>Run</IdeaActionID>
          <ShortCut>'Shift+F10'</ShortCut>
          <Description>Run 'include_demo'</Description>
          <Count>1</Count>
        </Item>
      </Statistic>
      <Statistic Action="Run 'inherit_demo'">
        <Item>
          <IdeaActionID>Run</IdeaActionID>
          <ShortCut>'Shift+F10'</ShortCut>
          <Description>Run 'inherit_demo'</Description>
          <Count>1</Count>
        </Item>
      </Statistic>
      <Statistic Action="Run 'redirect_demo'">
        <Item>
          <IdeaActionID>Run</IdeaActionID>
          <ShortCut>'Shift+F10'</ShortCut>
          <Description>Run 'redirect_demo'</Description>
          <Count>1</Count>
        </Item>
      </Statistic>
      <Statistic Action="Run 'response_demo'">
        <Item>
          <IdeaActionID>Run</IdeaActionID>
          <ShortCut>'Shift+F10'</ShortCut>
          <Description>Run 'response_demo'</Description>
          <Count>2</Count>
        </Item>
      </Statistic>
      <Statistic Action="Run 'ul_for_demo'">
        <Item>
          <IdeaActionID>Run</IdeaActionID>
          <ShortCut>'Shift+F10'</ShortCut>
          <Description>Run 'ul_for_demo'</Description>
          <Count>5</Count>
        </Item>
      </Statistic>
      <Statistic Action="Run '模板中使用url_for'">
        <Item>
          <IdeaActionID>Run</IdeaActionID>
          <ShortCut>'Shift+F10'</ShortCut>
          <Description>Run '模板中使用url_for'</Description>
          <Count>1</Count>
        </Item>
      </Statistic>
      <Statistic Action="Stop '02debug_demo'">
        <Item>
          <IdeaActionID>Stop</IdeaActionID>
          <ShortCut>'Ctrl+F2'</ShortCut>
          <Description>Stop '02debug_demo'</Description>
          <Count>2</Count>
        </Item>
      </Statistic>
      <Statistic Action="Stop '03cnfig_demo'">
        <Item>
          <IdeaActionID>Stop</IdeaActionID>
          <ShortCut>'Ctrl+F2'</ShortCut>
          <Description>Stop '03cnfig_demo'</Description>
          <Count>1</Count>
        </Item>
      </Statistic>
      <Statistic Action="Stop 'Flask (app.py)'">
        <Item>
          <IdeaActionID>Stop</IdeaActionID>
          <ShortCut>'Ctrl+F2'</ShortCut>
          <Description>Stop 'Flask (app.py)'</Description>
          <Count>13</Count>
        </Item>
      </Statistic>
      <Statistic Action="Stop 'Flask_debug'">
        <Item>
          <IdeaActionID>Stop</IdeaActionID>
          <ShortCut>'Ctrl+F2'</ShortCut>
          <Description>Stop 'Flask_debug'</Description>
          <Count>1</Count>
        </Item>
      </Statistic>
      <Statistic Action="Stop 'ul_for_demo'">
        <Item>
          <IdeaActionID>Stop</IdeaActionID>
          <ShortCut>'Ctrl+F2'</ShortCut>
          <Description>Stop 'ul_for_demo'</Description>
          <Count>1</Count>
        </Item>
      </Statistic>
    </option>
  </component>
</application>