<application>
  <component name="AppInspectionProfilesVisibleTreeState">
    <entry key="Default">
      <profile-state>
        <expanded-state>
          <State>
            <id />
          </State>
          <State>
            <id>General</id>
          </State>
        </expanded-state>
      </profile-state>
    </entry>
  </component>
  <component name="BuiltInServerOptions" allowUnsignedRequests="true" />
  <component name="DBNavigator.Application.Settings">
    <enable-debug-mode value="false" />
    <enable-developer-mode value="false" />
    <show-plugin-conflict-dialog value="false" />
  </component>
  <component name="NodeJsLocalInterpreters">
    <local-interpreter path="C:/Program Files/nodejs/node.exe">
      <version-cache last-modified="0" />
    </local-interpreter>
    <local-interpreter path="D:/Program Files/nodejs/node.exe">
      <version-cache version="11.6.0" last-modified="1545778616000" />
    </local-interpreter>
  </component>
  <component name="PyCodeInsightSettings">
    <option name="RENAME_SEARCH_IN_COMMENTS_FOR_FUNCTION" value="true" />
    <option name="RENAME_SEARCH_NON_CODE_FOR_FUNCTION" value="true" />
    <option name="RENAME_SEARCH_IN_COMMENTS_FOR_CLASS" value="true" />
    <option name="RENAME_SEARCH_NON_CODE_FOR_CLASS" value="true" />
  </component>
  <component name="PyTestFrameworkService">
    <option name="SDK_TO_PYTEST">
      <map>
        <entry key="$USER_HOME$/.pyenv/versions/spider/bin/python3" value="false" />
        <entry key="$USER_HOME$/.virtualenvs/test-k7WOWGHa/bin/python" value="false" />
        <entry key="$USER_HOME$/anaconda3/envs/spider/bin/python" value="false" />
        <entry key="D:\Anaconda3\envs\spider\python.exe" value="false" />
      </map>
    </option>
    <option name="SDK_TO_NOSETEST">
      <map>
        <entry key="$USER_HOME$/.pyenv/versions/spider/bin/python3" value="false" />
        <entry key="$USER_HOME$/.virtualenvs/test-k7WOWGHa/bin/python" value="false" />
        <entry key="$USER_HOME$/anaconda3/envs/spider/bin/python" value="false" />
        <entry key="D:\Anaconda3\envs\spider\python.exe" value="false" />
      </map>
    </option>
    <option name="SDK_TO_TRIALTEST">
      <map>
        <entry key="$USER_HOME$/.pyenv/versions/spider/bin/python3" value="false" />
        <entry key="$USER_HOME$/.virtualenvs/test-k7WOWGHa/bin/python" value="false" />
        <entry key="D:\Anaconda3\envs\spider\python.exe" value="true" />
      </map>
    </option>
  </component>
</application>